{"cameraMode":{"drawMode":0,"name":"Shaded","section":"Shading Mode"},"sceneLighting":false,"audioPlay":false,"sceneViewState":{"showFog":true,"showMaterialUpdate":false,"showSkybox":false,"showFlares":true,"showImageEffects":true,"showParticleSystems":true},"in2DMode":false,"pivot":{"x":4.90792989730835,"y":0.03912043571472168,"z":0.5630583763122559},"rotation":{"x":-0.00035787143860943615,"y":0.9539141654968262,"z":-0.3001142740249634,"w":-0.0011456828797236086},"size":6.694876670837402,"orthographic":false}