{"cameraMode":{"drawMode":0,"name":"Shaded","section":"Shading Mode"},"sceneLighting":true,"audioPlay":false,"sceneViewState":{"showFog":true,"showMaterialUpdate":false,"showSkybox":true,"showFlares":true,"showImageEffects":true,"showParticleSystems":true},"in2DMode":false,"pivot":{"x":1.1341400146484376,"y":1.0999999046325684,"z":-1.2699999809265137},"rotation":{"x":-0.10779399424791336,"y":0.646421492099762,"z":-0.0929424911737442,"w":-0.7496397495269775},"size":4.0416579246521,"orthographic":true}