{"cameraMode":{"drawMode":0,"name":"Shaded","section":"Shading Mode"},"sceneLighting":true,"audioPlay":false,"sceneViewState":{"showFog":true,"showMaterialUpdate":false,"showSkybox":true,"showFlares":true,"showImageEffects":true,"showParticleSystems":true},"in2DMode":false,"pivot":{"x":1.0691218376159669,"y":0.38332462310791018,"z":-0.20247554779052735},"rotation":{"x":-0.12856262922286988,"y":0.8341867923736572,"z":-0.21906232833862306,"w":-0.48954781889915469},"size":11.343388557434082,"orthographic":true}